107-01,Beck
107-02,Sebok
107-03,"Johnson, L."
107-04,Odell
107-05,Galaty
107-06,Reed
107-07,Brodkin
107-08,Cameron-Dominguez
107-09,Coe
107-10,Cole
107-11,Cushman
107-12,Davidson
107-13,Detweiler-Bedell
107-14,Fritzman
107-15,Galaty
107-16,Harp
107-17,Hibbard
107-18,"Johnson, L. "
107-19,"Johnson, C. "
107-20,Sweek
107-21,Mandel
107-22,Mirabile
107-23,Ritchey
107-24,Petersen
107-25,Robinson-Kelly
107-26,Reed
107-27,Wendt
107-28,Muth
107-29,Roberts
107-30,Schestag
107-31,Drayton
107-32,Woodard
107-33,Drayton
107-34,Mirabile